Dryness,sodium,calories,fat,cholesterol,carbs,protein
1,841.245508982036,419.79640718562877,24.96047904191617,91.55089820359281,6.721556886227545,22.426646706586812
2,732.8495432563138,382.2439548629769,23.15599140247174,87.09887157442235,6.166577109081139,20.408812466415874
3,666.4390681003584,364.9982078853047,21.081182795698943,78.51433691756273,5.869175627240144,17.080465949820763
