Color,sodium,calories,fat,cholesterol,carbs,protein
Red,798.7849860982391,411.03058387395737,24.89925857275252,92.03614457831326,6.607043558850788,22.399907321594092
White,689.8405017921147,365.43309438470726,21.700776583034603,81.94324970131422,5.89426523297491,18.418578255675037
