Tannin,sodium,calories,fat,cholesterol,carbs,protein
0,689.8405017921147,365.43309438470726,21.700776583034603,81.94324970131422,5.89426523297491,18.418578255675037
2,743.8407079646017,408.5508849557522,24.71415929203544,95.57964601769912,6.803097345132743,22.016150442477887
3,842.7814569536424,403.99006622516555,24.336754966887455,88.3841059602649,6.380794701986755,22.671192052980125
4,834.3169230769231,421.02153846153846,25.67938461538462,90.50153846153846,6.544615384615384,22.681538461538448
